City_ID,City,Country,Date,Lat,Lng,Max Temp,Humidity,Cloudiness,Wind Speed
0,Bredasdorp,ZA,2022-02-01 05:08:38,-34.5322,20.0403,73.27,94,27,3.47
1,Albany,US,2022-02-01 05:06:49,42.6001,-73.9662,13.98,75,6,1.72
2,La Romana,DO,2022-02-01 05:08:39,18.4273,-68.9728,69.53,87,15,8.46
3,Yellowknife,CA,2022-02-01 05:08:26,62.456,-114.3525,-12.59,86,79,8.01
4,Ketchikan,US,2022-02-01 05:04:49,55.3422,-131.6461,33.78,96,94,2.62
5,Samarai,PG,2022-02-01 05:08:40,-10.6167,150.6667,86.52,67,100,9.24
6,Ushuaia,AR,2022-02-01 05:08:41,-54.8,-68.3,37.81,96,98,4.65
7,Norrtalje,SE,2022-02-01 05:08:41,59.758,18.705,24.24,86,100,5.97
8,Metro,ID,2022-02-01 05:08:41,-5.1131,105.3067,86.79,64,100,6.33
9,Barrow,US,2022-02-01 05:08:41,71.2906,-156.7887,-14.78,76,100,5.75
10,High Level,CA,2022-02-01 05:08:42,58.5169,-117.136,-10.53,95,33,6.4
11,Ferkessedougou,CI,2022-02-01 05:08:42,9.6,-5.2,68.7,17,10,6.11
12,Mandali,IQ,2022-02-01 05:08:43,33.7499,45.5541,47.26,79,100,8.55
13,Bethel,US,2022-02-01 05:08:43,41.3712,-73.414,20.7,70,0,0.0
14,Jamestown,US,2022-02-01 05:07:02,42.097,-79.2353,25.72,68,0,5.75
15,Aix-En-Provence,FR,2022-02-01 05:08:44,43.5283,5.4497,42.3,62,41,17.34
16,Ayr,GB,2022-02-01 05:08:44,55.4627,-4.6339,51.49,87,75,6.91
17,Butaritari,KI,2022-02-01 05:08:44,3.0707,172.7902,81.95,78,89,13.0
18,Bandarbeyla,SO,2022-02-01 05:08:45,9.4942,50.8122,77.68,73,73,14.94
19,Tuktoyaktuk,CA,2022-02-01 05:08:45,69.4541,-133.0374,-17.46,100,100,1.28
20,Airai,TL,2022-02-01 05:08:46,-8.9266,125.4092,71.1,67,56,6.91
21,Hermanus,ZA,2022-02-01 05:08:46,-34.4187,19.2345,73.8,82,2,6.17
22,Sergeyevka,KZ,2022-02-01 05:08:47,53.88,67.4158,22.6,95,100,9.93
23,Saint George,US,2022-02-01 05:08:44,37.1041,-113.5841,51.35,33,0,8.01
24,Waipawa,NZ,2022-02-01 05:08:47,-41.4122,175.5153,74.03,59,69,8.1
25,Qaanaaq,GL,2022-02-01 05:08:48,77.484,-69.3632,-19.64,54,11,10.18
26,Osa,RU,2022-02-01 05:08:48,57.2829,55.4567,26.2,94,100,11.97
27,Rikitea,PF,2022-02-01 05:08:48,-23.1203,-134.9692,78.31,65,71,7.67
28,Thompson,CA,2022-02-01 05:08:49,55.7435,-97.8558,3.04,95,100,10.89
29,Provideniya,RU,2022-02-01 05:08:49,64.3833,-173.3,8.71,61,40,13.42
30,Bangil,ID,2022-02-01 05:08:49,-7.5994,112.8186,89.58,69,97,4.38
31,Codrington,AU,2022-02-01 05:08:50,-38.2667,141.9667,61.43,60,93,21.03
32,Bagdarin,RU,2022-02-01 05:08:50,54.4333,113.6,2.3,71,14,1.7
33,Torbay,CA,2022-02-01 05:05:29,47.6666,-52.7314,32.58,74,60,5.01
34,Dunedin,NZ,2022-02-01 05:08:51,-45.8742,170.5036,64.8,87,99,11.01
35,Nikolskoye,RU,2022-02-01 05:08:51,59.7035,30.7861,24.69,97,99,3.98
36,Kavieng,PG,2022-02-01 05:08:51,-2.5744,150.7967,79.25,87,98,15.64
37,Red Wing,US,2022-02-01 05:08:52,44.5625,-92.5338,34.9,75,0,3.0
38,Saint-Pierre,RE,2022-02-01 05:08:52,-21.3393,55.4781,83.84,65,75,16.11
39,Tura,IN,2022-02-01 05:04:23,25.5198,90.2201,66.97,45,64,5.59
40,Hasaki,JP,2022-02-01 05:08:52,35.7333,140.8333,50.4,43,98,5.01
41,Verkhniye Kigi,RU,2022-02-01 05:08:53,55.4083,58.6044,19.76,90,99,6.2
42,Puerto Ayora,EC,2022-02-01 05:08:53,-0.7393,-90.3518,71.55,96,92,4.74
43,New Norfolk,AU,2022-02-01 05:09:54,-42.7826,147.0587,76.5,37,38,5.99
44,Coihaique,CL,2022-02-01 05:09:54,-45.5752,-72.0662,58.95,63,100,8.05
45,Nara,JP,2022-02-01 05:09:54,34.6851,135.8049,49.28,37,64,14.63
46,Mar Del Plata,AR,2022-02-01 05:09:05,-38.0023,-57.5575,60.87,66,0,4.0
47,Port Alfred,ZA,2022-02-01 05:09:55,-33.5906,26.891,77.4,85,100,3.74
48,Nuuk,GL,2022-02-01 05:09:55,64.1835,-51.7216,16.41,92,100,8.05
49,Bambous Virieux,MU,2022-02-01 05:09:50,-20.3428,57.7575,84.22,77,100,23.51
50,Shache,CN,2022-02-01 05:09:56,38.4167,77.2406,33.3,28,76,0.98
51,Praia,CV,2022-02-01 05:09:56,14.9215,-23.5087,70.34,83,0,5.75
52,Lorengau,PG,2022-02-01 05:09:57,-2.0226,147.2712,77.65,90,100,14.88
53,Saint-Philippe,RE,2022-02-01 05:09:57,-21.3585,55.7679,83.75,77,96,14.5
54,Kapaa,US,2022-02-01 05:09:45,22.0752,-159.319,73.38,79,75,5.75
55,Pandan,PH,2022-02-01 05:09:57,14.0453,124.1694,78.64,86,58,15.55
56,Dikson,RU,2022-02-01 05:09:58,73.5069,80.5464,1.63,90,100,20.71
57,Cabo San Lucas,MX,2022-02-01 05:06:01,22.8909,-109.9124,68.5,63,0,7.16
58,Severo-Yeniseyskiy,RU,2022-02-01 05:09:58,60.3725,93.0408,9.36,85,76,2.89
59,Punta Arenas,CL,2022-02-01 05:09:41,-53.15,-70.9167,46.51,71,40,25.32
60,Beringovskiy,RU,2022-02-01 05:09:59,63.05,179.3167,8.94,95,100,12.12
61,Gazojak,TM,2022-02-01 05:09:59,41.1875,61.4036,38.53,66,0,10.71
62,Bengkulu,ID,2022-02-01 05:09:59,-3.8004,102.2655,84.63,67,76,8.7
63,Elliot Lake,CA,2022-02-01 05:10:00,46.3834,-82.6331,16.21,97,83,7.63
64,Exaplatanos,GR,2022-02-01 05:10:00,40.9772,22.125,45.81,89,100,2.35
65,Georgetown,MY,2022-02-01 05:07:49,5.4112,100.3354,91.33,55,20,8.05
66,Hilo,US,2022-02-01 05:08:59,19.7297,-155.09,70.25,84,0,4.61
67,Sayyan,YE,2022-02-01 05:10:01,15.1718,44.3244,55.58,40,58,0.43
68,Cabedelo,BR,2022-02-01 05:10:02,-6.9811,-34.8339,79.47,75,29,7.7
69,Nanortalik,GL,2022-02-01 05:10:02,60.1432,-45.2371,22.21,80,100,8.63
70,Vaini,TO,2022-02-01 05:10:02,-21.2,-175.2,84.36,79,40,10.36
71,Meridian,US,2022-02-01 05:05:20,43.6121,-116.3915,29.98,74,100,1.99
72,Evensk,RU,2022-02-01 05:10:03,61.95,159.2333,22.71,51,100,26.44
73,Solnechnyy,RU,2022-02-01 05:10:04,50.7214,136.6319,6.62,90,100,3.58
74,Cape Town,ZA,2022-02-01 05:08:34,-33.9258,18.4232,72.12,89,5,6.04
75,Berlevag,NO,2022-02-01 05:10:04,70.8578,29.0864,24.8,73,37,11.01
76,Grand Gaube,MU,2022-02-01 05:10:05,-20.0064,57.6608,84.38,67,99,13.0
77,Alofi,NU,2022-02-01 05:10:05,-19.0595,-169.9187,79.41,68,93,5.61
78,Faanui,PF,2022-02-01 05:10:05,-16.4833,-151.75,81.0,75,5,21.34
79,Husavik,IS,2022-02-01 05:10:06,66.0449,-17.3389,19.38,84,100,25.86
80,Saldanha,ZA,2022-02-01 05:10:06,-33.0117,17.9442,64.94,94,11,11.25
81,Vestmanna,FO,2022-02-01 05:10:07,62.1564,-7.1664,40.12,81,100,28.77
82,Teya,RU,2022-02-01 05:10:07,60.3778,92.6267,10.17,87,73,3.29
83,Victoria,HK,2022-02-01 05:06:55,22.2855,114.1577,57.33,85,100,8.99
84,Dera Bugti,PK,2022-02-01 05:10:07,29.0307,69.151,67.19,27,0,3.13
85,Palana,RU,2022-02-01 05:10:08,59.1167,159.9667,15.39,84,100,10.51
86,Butembo,CD,2022-02-01 05:10:08,0.15,29.2833,61.66,58,100,2.19
87,Neiafu,TO,2022-02-01 05:10:09,-18.65,-173.9833,84.88,70,20,5.75
88,Mataura,NZ,2022-02-01 05:10:09,-46.1927,168.8643,82.85,40,100,1.83
89,Ponta Do Sol,PT,2022-02-01 05:11:09,32.6667,-17.1,66.13,36,9,13.85
90,Port Elizabeth,ZA,2022-02-01 05:11:10,-33.918,25.5701,72.1,94,20,0.0
91,Luanshya,ZM,2022-02-01 05:11:10,-13.1367,28.4166,47.57,94,30,2.28
92,Salalah,OM,2022-02-01 05:11:10,17.0151,54.0924,71.69,46,0,4.61
93,Brosteni,RO,2022-02-01 05:11:11,47.2333,25.7,25.38,95,100,3.58
94,Tazovskiy,RU,2022-02-01 05:11:11,67.4667,78.7,1.0,97,100,5.93
95,Japura,ID,2022-02-01 05:11:11,-0.3167,102.35,84.92,71,99,3.69
96,Kloulklubed,PW,2022-02-01 05:11:12,7.0419,134.2556,81.1,77,100,13.71
97,Limon,CR,2022-02-01 05:11:12,10.0,-83.0333,74.98,78,48,2.15
98,Muros,ES,2022-02-01 05:11:13,42.7762,-9.0603,51.24,83,0,11.52
99,Ribeira Grande,PT,2022-02-01 05:10:04,38.5167,-28.7,60.1,75,20,16.04
100,Makakilo City,US,2022-02-01 05:11:13,21.3469,-158.0858,73.72,67,0,3.44
101,Kodiak,US,2022-02-01 05:11:13,57.79,-152.4072,35.11,87,100,18.41
102,Sorong,ID,2022-02-01 05:11:14,-0.8833,131.25,82.81,68,100,15.61
103,Avarua,CK,2022-02-01 05:11:14,-21.2078,-159.775,78.85,78,100,11.5
104,Biak,ID,2022-02-01 05:11:15,-0.9131,122.8766,86.07,56,74,1.63
105,Ilulissat,GL,2022-02-01 05:06:42,69.2167,-51.1,6.82,72,100,1.14
106,Liberal,US,2022-02-01 05:11:15,37.0431,-100.921,45.5,39,0,10.36
107,Vanimo,PG,2022-02-01 05:11:15,-2.6741,141.3028,80.92,76,98,8.25
108,Atuona,PF,2022-02-01 05:11:16,-9.8,-139.0333,78.78,75,9,20.65
109,Sao Sebastiao,BR,2022-02-01 05:11:16,-23.76,-45.4097,75.15,88,99,4.18
110,Coahuayana,MX,2022-02-01 05:11:16,18.7333,-103.6833,68.61,87,0,3.53
111,Saskylakh,RU,2022-02-01 05:09:54,71.9167,114.0833,-28.75,100,72,2.01
112,Almeirim,BR,2022-02-01 05:09:05,-1.5233,-52.5817,73.47,95,80,2.3
113,Nishihara,JP,2022-02-01 05:11:17,26.1842,127.7558,67.66,49,75,12.66
114,Port Hueneme,US,2022-02-01 05:11:18,34.1478,-119.1951,58.69,83,0,3.44
115,Ancud,CL,2022-02-01 05:11:18,-41.8697,-73.8203,59.23,91,89,5.73
116,Igrim,RU,2022-02-01 05:11:18,63.1906,64.4162,-20.18,100,87,1.3
117,Corinto,GR,2022-02-01 05:11:19,37.9407,22.9573,57.45,82,100,4.12
118,Port Blair,IN,2022-02-01 05:11:19,11.6667,92.75,80.64,65,40,9.22
119,Bridlington,GB,2022-02-01 05:11:19,54.0831,-0.1919,48.88,89,100,23.09
120,Oriximina,BR,2022-02-01 05:11:20,-1.7656,-55.8661,73.96,94,97,3.38
121,Vila Velha,BR,2022-02-01 05:11:20,-20.3297,-40.2925,75.15,95,0,3.0
122,Katsuura,JP,2022-02-01 05:11:20,35.1333,140.3,48.31,55,92,2.86
123,Bluff,NZ,2022-02-01 05:11:21,-46.6,168.3333,62.69,83,100,13.24
124,Hithadhoo,MV,2022-02-01 05:08:22,-0.6,73.0833,82.56,71,9,12.41
125,Vao,NC,2022-02-01 05:11:21,-22.6667,167.4833,78.06,84,80,10.33
126,Paamiut,GL,2022-02-01 05:11:22,61.994,-49.6678,17.01,89,100,6.98
127,Castro,BR,2022-02-01 05:11:22,-24.7911,-50.0119,61.02,92,6,2.8
128,Maneadero,MX,2022-02-01 05:08:08,31.7167,-116.5667,56.1,85,56,2.46
129,Flinders,AU,2022-02-01 05:11:23,-34.5833,150.8552,92.05,69,37,4.0
130,Mahebourg,MU,2022-02-01 05:11:23,-20.4081,57.7,84.25,77,100,23.33
131,San Quintin,MX,2022-02-01 05:11:24,30.4833,-115.95,56.53,81,63,7.72
132,Sao Felix Do Xingu,BR,2022-02-01 05:11:24,-6.6447,-51.995,70.54,99,100,0.87
133,Pevek,RU,2022-02-01 05:11:18,69.7008,170.3133,-15.39,94,83,0.81
134,Cayenne,GF,2022-02-01 05:11:25,4.9333,-52.3333,80.1,84,100,5.01
135,Isangel,VU,2022-02-01 05:11:25,-19.55,169.2667,80.92,78,98,5.21
136,Broome,US,2022-02-01 05:12:26,42.2506,-75.833,14.63,82,10,3.0
137,Hobart,AU,2022-02-01 05:09:08,-42.8794,147.3294,76.86,41,0,17.27
138,Odienne,CI,2022-02-01 05:12:26,9.51,-7.5692,69.69,18,69,3.42
139,Sedalia,US,2022-02-01 05:12:27,38.7045,-93.2283,51.76,42,0,16.11
140,Raga,SS,2022-02-01 05:12:27,8.4596,25.678,61.52,23,3,5.7
141,Grindavik,IS,2022-02-01 05:12:27,63.8424,-22.4338,32.47,74,100,26.46
142,Uusikaupunki,FI,2022-02-01 05:12:28,60.8004,21.4084,7.32,96,39,5.17
143,Esperance,AU,2022-02-01 05:12:28,-33.8667,121.9,66.78,51,52,18.52
144,Fengcheng,CN,2022-02-01 05:12:29,40.4536,124.0717,25.95,42,0,12.97
145,Grimbergen,BE,2022-02-01 05:12:29,50.9333,4.3667,40.73,88,20,4.0
146,Ust-Nera,RU,2022-02-01 05:12:29,64.5667,143.2,0.88,98,100,3.67
147,Kushima,JP,2022-02-01 05:12:30,31.4583,131.2333,51.12,57,82,12.28
148,Narsaq,GL,2022-02-01 05:12:30,60.9167,-46.05,25.02,97,94,2.53
149,Dire,ML,2022-02-01 05:12:31,12.2833,-10.9667,72.36,17,48,1.19
150,Leningradskiy,RU,2022-02-01 05:12:31,69.3833,178.4167,-16.56,95,51,10.16
151,Priyutnoye,RU,2022-02-01 05:12:31,46.1011,43.5072,35.13,96,100,10.16
152,Santa Isabel Do Rio Negro,BR,2022-02-01 05:09:45,-0.4139,-65.0192,73.33,88,100,2.13
153,Micheweni,TZ,2022-02-01 05:12:32,-4.9667,39.8333,80.44,74,65,5.5
154,Marawi,PH,2022-02-01 05:12:32,7.9986,124.2928,74.64,60,82,7.94
155,Flin Flon,CA,2022-02-01 05:12:33,54.7682,-101.865,1.0,92,100,16.96
156,Mumford,GH,2022-02-01 05:12:33,5.2618,-0.759,75.24,88,99,3.8
157,Itoman,JP,2022-02-01 05:12:33,26.1247,127.6694,68.38,49,75,12.66
158,Vieira De Leiria,PT,2022-02-01 05:12:34,39.8695,-8.9324,44.98,60,0,9.17
159,Kinkala,CG,2022-02-01 05:11:18,-4.3614,14.7644,69.66,93,96,2.26
160,Busselton,AU,2022-02-01 05:10:02,-33.65,115.3333,80.04,30,0,10.29
161,Carnarvon,AU,2022-02-01 05:09:39,-24.8667,113.6333,87.87,58,27,18.41
162,Rantauprapat,ID,2022-02-01 05:12:34,2.1,99.8333,88.02,61,36,2.53
163,Aklavik,CA,2022-02-01 05:12:35,68.2191,-135.0107,-2.54,98,100,2.46
164,Manama,BH,2022-02-01 05:12:35,26.2154,50.5832,66.34,69,47,5.75
165,Hay River,CA,2022-02-01 05:12:05,60.8156,-115.7999,-5.84,77,75,12.66
166,Chicama,PE,2022-02-01 05:12:36,-7.8447,-79.1469,63.14,75,65,3.53
167,La Ronge,CA,2022-02-01 05:12:36,55.1001,-105.2842,-8.91,87,100,14.79
168,Khandyga,RU,2022-02-01 05:12:36,62.6667,135.6,-21.89,94,96,0.22
169,Naze,JP,2022-02-01 05:12:37,28.3667,129.4833,56.01,60,81,9.64
170,Belyy Yar,RU,2022-02-01 05:12:37,53.6039,91.3903,-11.31,77,20,0.0
171,Havre-Saint-Pierre,CA,2022-02-01 05:12:38,50.2334,-63.5986,4.15,78,69,9.62
172,Shimoda,JP,2022-02-01 05:12:38,34.6667,138.95,53.71,47,0,24.45
173,La Asuncion,VE,2022-02-01 05:12:39,11.0333,-63.8628,75.6,87,40,12.46
174,Taman,RU,2022-02-01 05:12:39,45.2117,36.7161,35.92,74,72,7.07
175,Poya,NC,2022-02-01 05:12:39,-21.35,165.15,83.77,69,93,9.19
176,Igarka,RU,2022-02-01 05:12:40,67.4667,86.5833,6.37,94,100,15.64
177,Chokurdakh,RU,2022-02-01 05:12:40,70.6333,147.9167,-13.61,96,100,1.88
178,Mandalgovi,MN,2022-02-01 05:12:37,45.7625,106.2708,10.56,33,3,8.68
179,San Patricio,US,2022-02-01 05:12:41,28.017,-97.5169,60.89,94,76,10.11
180,Kununurra,AU,2022-02-01 05:12:41,-15.7667,128.7333,89.58,62,75,18.41
181,Ust-Kuyga,RU,2022-02-01 05:13:42,70.0167,135.6,-32.76,100,99,2.26
182,Sitka,US,2022-02-01 05:13:42,57.0531,-135.33,33.69,86,75,9.22
183,Verkhoyansk,RU,2022-02-01 05:13:42,67.5447,133.385,-25.06,99,100,0.81
184,Karpogory,RU,2022-02-01 05:13:43,64.0019,44.4451,3.74,96,100,5.82
185,Oktyabrskiy,RU,2022-02-01 05:13:43,54.4815,53.471,26.83,87,100,16.44
186,Rawah,IQ,2022-02-01 05:13:44,34.4816,41.9093,45.25,82,63,3.18
187,Batagay,RU,2022-02-01 05:13:44,67.6333,134.6333,-27.2,99,92,0.65
188,Port Hawkesbury,CA,2022-02-01 05:13:44,45.6169,-61.3485,17.69,77,36,8.99
189,Butte,US,2022-02-01 05:09:26,39.6499,-121.5677,51.57,50,0,6.91
190,Olinda,BR,2022-02-01 05:13:45,-8.0089,-34.8553,82.13,74,40,6.91
191,Kurilsk,RU,2022-02-01 05:13:45,45.2333,147.8833,23.36,74,100,25.97
192,San Cristobal,VE,2022-02-01 05:13:46,7.7669,-72.225,68.18,84,97,2.19
193,Oni,GE,2022-02-01 05:13:46,42.5794,43.4425,34.09,95,100,0.43
194,Fortuna,US,2022-02-01 05:13:46,40.5982,-124.1573,47.66,82,100,1.01
195,Xinzhi,CN,2022-02-01 05:13:47,36.4989,111.7047,32.77,28,8,1.66
196,Banyo,CM,2022-02-01 05:13:47,6.75,11.8167,59.99,25,86,2.3
197,Pangody,RU,2022-02-01 05:13:47,65.85,74.4859,-4.27,99,97,6.22
198,Rocha,UY,2022-02-01 05:13:48,-34.4833,-54.3333,55.4,72,1,0.63
199,Baisha,CN,2022-02-01 05:13:48,26.5222,110.9311,39.04,97,100,2.71
200,Fort Smith,US,2022-02-01 05:13:48,35.3859,-94.3986,59.2,75,0,3.44
201,The Valley,AI,2022-02-01 05:11:26,18.217,-63.0578,77.09,73,2,5.61
202,Ruteng,ID,2022-02-01 05:13:49,-8.6136,120.4721,74.82,65,63,4.65
203,Coquimbo,CL,2022-02-01 05:13:16,-29.9533,-71.3436,62.33,82,75,5.75
204,San Policarpo,PH,2022-02-01 05:13:50,12.1791,125.5072,80.46,82,30,9.17
205,Sorland,NO,2022-02-01 05:13:50,67.667,12.6934,33.6,51,100,16.87
206,Tasiilaq,GL,2022-02-01 05:12:29,65.6145,-37.6368,8.76,80,84,7.72
207,Vardo,NO,2022-02-01 05:13:51,70.3705,31.1107,12.4,83,40,9.17
208,Umm Lajj,SA,2022-02-01 05:13:51,25.0213,37.2685,59.99,52,0,10.27
209,Sinnamary,GF,2022-02-01 05:13:51,5.3833,-52.95,75.42,90,100,8.81
210,Kaitangata,NZ,2022-02-01 05:11:16,-46.2817,169.8464,69.93,86,100,7.74
211,Ulladulla,AU,2022-02-01 05:13:52,-35.35,150.4667,92.77,51,86,7.27
212,Lagoa,PT,2022-02-01 05:13:52,39.05,-27.9833,58.98,74,61,21.59
213,Khatanga,RU,2022-02-01 05:11:27,71.9667,102.5,-29.97,100,16,4.03
214,Comodoro Rivadavia,AR,2022-02-01 05:13:53,-45.8667,-67.5,66.06,39,56,33.38
215,Kamskiye Polyany,RU,2022-02-01 05:13:53,55.4307,51.4171,27.41,92,100,18.07
216,Svetlogorsk,BY,2022-02-01 05:13:54,52.6333,29.7333,22.57,93,99,11.43
217,Sao Joao Da Barra,BR,2022-02-01 05:13:54,-21.6403,-41.0511,75.76,90,100,8.41
218,Dudinka,RU,2022-02-01 05:13:54,69.4058,86.1778,4.62,92,99,14.58
219,Aykhal,RU,2022-02-01 05:13:55,66.0,111.5,-20.74,98,58,4.68
220,Urucui,BR,2022-02-01 05:13:55,-7.2294,-44.5561,74.41,79,38,2.21
221,Luderitz,NA,2022-02-01 05:11:14,-26.6481,15.1594,64.06,94,51,7.18
222,Aquiraz,BR,2022-02-01 05:13:56,-3.9014,-38.3911,81.18,82,97,8.52
223,Wuxi,CN,2022-02-01 05:13:56,31.5689,120.2886,45.01,36,93,9.28
224,Strezhevoy,RU,2022-02-01 05:13:57,60.7333,77.5889,-0.02,98,96,6.2
225,Yumen,CN,2022-02-01 05:13:57,40.2833,97.2,23.18,23,80,2.24
226,Half Moon Bay,US,2022-02-01 05:10:31,37.4636,-122.4286,53.62,88,0,0.0
227,Geneva,US,2022-02-01 05:11:08,41.8875,-88.3054,33.03,72,0,5.99
228,Koumac,NC,2022-02-01 05:14:58,-20.5667,164.2833,82.51,71,54,11.12
229,Arraial Do Cabo,BR,2022-02-01 05:14:58,-22.9661,-42.0278,76.32,91,100,4.36
230,Bayeux,BR,2022-02-01 05:14:58,-7.125,-34.9322,79.43,83,20,5.75
231,Caravelas,BR,2022-02-01 05:14:59,-17.7125,-39.2481,76.93,91,68,7.38
232,Jalu,LY,2022-02-01 05:14:59,29.0331,21.5482,50.04,68,2,9.73
233,Novyy Urengoy,RU,2022-02-01 05:14:59,66.0833,76.6333,1.89,97,100,6.02
234,Buala,SB,2022-02-01 05:15:00,-8.145,159.5921,84.51,67,90,4.63
235,Kariba,ZW,2022-02-01 05:15:00,-16.5167,28.8,68.5,92,32,4.59
236,Itarema,BR,2022-02-01 05:15:01,-2.9248,-39.9167,76.8,80,84,8.46
237,Dzhebariki-Khaya,RU,2022-02-01 05:15:01,62.2167,135.8,-20.33,94,98,0.65
238,Bardsir,IR,2022-02-01 05:15:01,29.9227,56.5743,55.45,54,1,21.99
239,Tiksi,RU,2022-02-01 05:15:02,71.6872,128.8694,-10.8,100,100,5.32
240,Ankazobe,MG,2022-02-01 05:15:02,-18.3167,47.1167,66.61,75,71,9.35
241,Kitgum,UG,2022-02-01 05:15:03,3.2783,32.8867,74.07,60,90,3.42
242,Richton Park,US,2022-02-01 05:15:03,41.4845,-87.7034,33.4,74,0,12.66
243,Zhoucheng,CN,2022-02-01 05:15:03,35.9122,116.3117,39.27,19,1,4.94
244,Meulaboh,ID,2022-02-01 05:15:04,4.1363,96.1285,84.65,68,7,5.48
245,Siocon,PH,2022-02-01 05:15:04,7.7061,122.1353,87.03,63,93,7.56
246,Kahului,US,2022-02-01 05:15:05,20.8947,-156.47,73.42,76,40,10.36
247,Porto Nacional,BR,2022-02-01 05:15:05,-10.7081,-48.4172,78.8,93,90,0.98
248,Safaga,EG,2022-02-01 05:15:05,26.7292,33.9365,57.29,54,0,4.97
249,Ambatofinandrahana,MG,2022-02-01 05:15:06,-20.55,46.8,64.63,78,78,5.93
250,Alice Springs,AU,2022-02-01 05:14:15,-23.7,133.8833,85.55,70,75,6.91
251,Kargil,IN,2022-02-01 05:15:06,34.5667,76.1,3.38,84,49,1.72
252,Dongzhen,CN,2022-02-01 05:15:07,22.3797,110.9389,55.58,79,100,6.2
253,Bac Lieu,VN,2022-02-01 05:15:07,9.285,105.7244,85.35,61,22,19.51
254,Beian,NO,2022-02-01 05:15:08,63.6559,9.5683,30.29,74,0,16.11
255,Zhicheng,CN,2022-02-01 05:15:08,30.2956,111.5047,47.28,41,8,5.97
256,Guarapari,BR,2022-02-01 05:15:09,-20.6667,-40.4975,75.09,89,100,2.26
257,Chuy,UY,2022-02-01 05:15:09,-33.6971,-53.4616,59.49,68,0,5.28
258,Uaua,BR,2022-02-01 05:15:10,-9.8414,-39.4817,72.14,78,10,8.03
259,Chara,RU,2022-02-01 05:15:10,56.9064,118.2631,-12.6,98,55,1.59
260,Sterling,US,2022-02-01 05:15:11,39.0062,-77.4286,28.54,71,75,0.0
261,Cherskiy,RU,2022-02-01 05:15:11,68.75,161.3,-4.4,88,100,5.95
262,Cuenca,EC,2022-02-01 05:12:35,-2.8833,-78.9833,57.33,88,100,3.44
263,Ha Giang,VN,2022-02-01 05:15:11,22.8333,104.9833,55.26,79,100,1.41
264,Yerbogachen,RU,2022-02-01 05:15:12,61.2767,108.0108,-6.79,94,89,3.78
265,Severo-Kurilsk,RU,2022-02-01 05:15:12,50.6789,156.125,28.98,71,98,14.94
266,Qaqortoq,GL,2022-02-01 05:15:13,60.7167,-46.0333,25.3,90,87,3.96
267,Namatanai,PG,2022-02-01 05:15:13,-3.6667,152.4333,83.88,70,100,9.66
268,Katobu,ID,2022-02-01 05:15:14,-4.9408,122.5276,90.72,47,92,5.84
269,Bjornevatn,NO,2022-02-01 05:15:14,69.6672,29.9847,11.82,84,100,5.75
270,Juneau,US,2022-02-01 05:11:16,58.3019,-134.4197,23.05,73,0,4.61
271,Alekseyevsk,RU,2022-02-01 05:15:14,57.8406,108.3492,4.39,88,100,4.14
272,Tual,ID,2022-02-01 05:13:51,-5.6667,132.75,83.75,72,100,18.63
273,Christchurch,NZ,2022-02-01 05:10:49,-43.5333,172.6333,71.94,74,40,5.99
274,Aripuana,BR,2022-02-01 05:16:15,-9.1667,-60.6333,70.57,98,100,1.59
275,Elat,IL,2022-02-01 05:16:15,29.5581,34.9482,46.24,66,20,4.61
276,Kamiiso,JP,2022-02-01 05:16:16,41.8167,140.65,30.58,69,75,9.22
277,Imbituba,BR,2022-02-01 05:16:16,-28.24,-48.6703,75.81,91,24,5.55
278,Mortka,RU,2022-02-01 05:16:17,59.3322,66.0214,-1.82,98,60,3.85
279,Elizabeth City,US,2022-02-01 05:11:19,36.2946,-76.2511,40.01,91,0,8.05
280,Ratodero,PK,2022-02-01 05:16:17,27.803,68.2871,64.42,20,0,8.9
281,Carmen,MX,2022-02-01 05:16:18,18.6333,-91.8333,71.19,80,0,22.24
282,Campbell River,CA,2022-02-01 05:15:06,50.0163,-125.2446,37.26,100,20,8.05
283,Yar-Sale,RU,2022-02-01 05:16:18,66.8333,70.8333,-16.94,99,41,6.15
284,Santa Fe,AR,2022-02-01 05:16:16,-31.6333,-60.7,72.0,60,7,4.0
285,Sisimiut,GL,2022-02-01 05:16:19,66.9395,-53.6735,4.82,87,100,7.87
286,Lebu,CL,2022-02-01 05:16:19,-37.6167,-73.65,56.79,82,0,16.71
287,Auki,SB,2022-02-01 05:16:20,-8.7676,160.7034,83.07,72,80,4.79
288,Kiruna,SE,2022-02-01 05:16:20,67.8557,20.2251,-13.88,77,92,8.05
289,Klaksvik,FO,2022-02-01 05:16:20,62.2266,-6.589,41.92,80,99,43.98
290,Veraval,IN,2022-02-01 05:16:21,20.9,70.3667,75.56,56,0,8.03
291,Zelenokumsk,RU,2022-02-01 05:16:21,44.4069,43.8806,36.99,78,100,5.79
292,Panguna,PG,2022-02-01 05:16:21,-6.3164,155.4848,78.28,69,100,3.49
293,Gigante,CO,2022-02-01 05:16:22,2.3868,-75.5453,69.35,89,99,1.23
294,Madang,PG,2022-02-01 05:16:22,-5.2246,145.7966,80.65,84,99,6.29
295,Fernley,US,2022-02-01 05:16:23,39.608,-119.2518,45.16,40,45,5.59
296,Ozernovskiy,RU,2022-02-01 05:16:23,51.5,156.5167,26.19,72,82,5.75
297,Harper,LR,2022-02-01 05:16:24,4.375,-7.7169,77.18,86,81,3.71
298,Road Town,VG,2022-02-01 05:16:24,18.4167,-64.6167,77.09,71,8,7.9
299,Nakatsugawa,JP,2022-02-01 05:16:24,35.4833,137.5,47.25,54,79,6.69
300,Mount Gambier,AU,2022-02-01 05:16:25,-37.8333,140.7667,62.62,52,85,14.47
301,Cockburn Town,TC,2022-02-01 05:16:25,21.4612,-71.1419,74.84,69,94,17.2
302,Remanso,BR,2022-02-01 05:16:26,-9.6179,-42.0831,75.54,61,7,6.11
303,Anadyr,RU,2022-02-01 05:16:26,64.75,177.4833,18.1,67,100,33.55
304,Salinas,US,2022-02-01 05:12:06,36.6777,-121.6555,52.97,85,0,3.44
305,Avera,US,2022-02-01 05:16:26,33.194,-82.5271,44.47,57,14,4.05
306,Geraldton,AU,2022-02-01 05:16:27,-28.7667,114.6,97.21,21,7,9.22
307,Hovd,MN,2022-02-01 05:16:27,48.0056,91.6419,-6.68,85,89,3.6
308,Lensk,RU,2022-02-01 05:16:28,60.7253,114.9278,1.35,89,100,7.47
309,Egvekinot,RU,2022-02-01 05:16:28,66.3167,-179.1667,-0.02,69,98,14.43
310,Poitiers,FR,2022-02-01 05:16:28,46.5833,0.3333,37.81,65,16,4.61
311,Sao Filipe,CV,2022-02-01 05:16:23,14.8961,-24.4956,74.98,69,100,10.09
312,Kyren,RU,2022-02-01 05:16:29,51.6828,102.1408,8.67,78,31,1.43
313,Touba,CI,2022-02-01 05:16:29,8.2833,-7.6833,68.05,19,44,1.28
314,Kutum,SD,2022-02-01 05:16:30,14.2,24.6667,45.16,35,0,7.36
315,Maniitsoq,GL,2022-02-01 05:16:30,65.4167,-52.9,12.36,85,98,13.38
316,Klyuchi,RU,2022-02-01 05:16:30,52.2667,79.1667,14.23,94,78,6.93
317,Lodja,CD,2022-02-01 05:16:31,-3.4833,23.4333,68.07,96,100,1.59
318,Lata,PT,2022-02-01 05:16:31,40.1629,-8.3327,49.08,63,0,7.09
319,Yantal,RU,2022-02-01 05:16:32,56.8471,105.2542,6.24,88,100,2.15
320,Vila Franca Do Campo,PT,2022-02-01 05:17:32,37.7167,-25.4333,57.61,79,79,13.2
321,Vostok,RU,2022-02-01 05:17:33,46.4856,135.8833,7.93,85,100,6.58
322,Namibe,AO,2022-02-01 05:17:33,-15.1961,12.1522,69.64,75,99,7.9
323,Laguna,US,2022-02-01 05:17:33,38.421,-121.4238,54.1,80,0,1.01
324,Camacha,PT,2022-02-01 05:17:34,33.0833,-16.3333,61.56,72,20,25.32
325,Bakel,SN,2022-02-01 05:17:34,14.905,-12.4568,78.73,15,91,12.19
326,Kwekwe,ZW,2022-02-01 05:17:35,-18.9281,29.8149,68.74,93,17,4.09
327,Taoudenni,ML,2022-02-01 05:17:35,22.6783,-3.9836,63.54,8,13,11.52
328,Talnakh,RU,2022-02-01 05:17:35,69.4865,88.3972,4.21,96,99,9.35
329,East London,ZA,2022-02-01 05:17:36,-33.0153,27.9116,76.14,83,0,4.61
330,Kavos,GR,2022-02-01 05:17:36,38.8268,22.8322,49.03,84,100,3.29
331,Kollo,NE,2022-02-01 05:17:36,13.3043,2.339,64.83,14,1,9.75
332,Clyde River,CA,2022-02-01 05:17:37,70.4692,-68.5914,-18.17,63,100,4.61
333,Pundaguitan,PH,2022-02-01 05:17:37,6.3711,126.1689,80.49,77,100,12.3
334,Lanxi,CN,2022-02-01 05:17:37,29.2195,119.477,40.05,96,100,3.4
335,Nevinnomyssk,RU,2022-02-01 05:17:38,44.6267,41.9453,33.31,89,100,4.16
336,Muisne,EC,2022-02-01 05:17:38,0.6,-80.0333,74.01,87,26,3.42
337,Tuy Hoa,VN,2022-02-01 05:13:54,13.0833,109.3,76.69,85,66,10.96
338,Peniche,PT,2022-02-01 05:17:39,39.3558,-9.3811,52.74,96,0,3.62
339,Naron,ES,2022-02-01 05:17:39,43.5167,-8.1528,50.02,82,12,12.01
340,Padang,ID,2022-02-01 05:17:39,-0.9492,100.3543,86.05,80,82,4.92
341,Norman Wells,CA,2022-02-01 05:17:40,65.282,-126.8329,1.44,78,100,13.8
342,Zaysan,KZ,2022-02-01 05:17:40,47.4667,84.8667,5.7,93,100,2.35
343,Bogandinskiy,RU,2022-02-01 05:17:40,56.8937,65.8938,10.67,97,86,4.16
344,Tilichiki,RU,2022-02-01 05:17:41,60.4667,166.1,10.62,90,100,6.6
345,Cidreira,BR,2022-02-01 05:17:41,-30.1811,-50.2056,72.27,87,1,6.98
346,Kruisfontein,ZA,2022-02-01 05:17:42,-34.0033,24.7314,70.88,83,99,3.51
347,Shar,KZ,2022-02-01 05:17:42,49.5886,81.0453,4.55,82,14,5.68
348,Labuhan,ID,2022-02-01 05:17:42,-6.8844,112.2051,84.51,72,93,8.21
349,Pangai,TO,2022-02-01 05:17:43,-19.8,-174.35,81.28,70,26,10.58
350,Hambantota,LK,2022-02-01 05:17:43,6.1241,81.1185,84.81,56,11,11.18
351,Columbus,US,2022-02-01 05:15:05,39.9612,-82.9988,29.32,72,40,1.01
352,Savannah Bight,HN,2022-02-01 05:17:44,16.45,-85.85,73.0,65,3,17.4
353,Montepuez,MZ,2022-02-01 05:17:44,-13.1256,38.9997,71.51,93,31,1.43
354,Kavaratti,IN,2022-02-01 05:17:44,10.5669,72.642,80.71,69,6,5.73
355,Constitucion,CL,2022-02-01 05:17:40,-35.3333,-72.4167,56.93,74,0,3.51
356,Kondagaon,IN,2022-02-01 05:17:45,19.6,81.6667,78.44,20,23,4.81
357,Batagay-Alyta,RU,2022-02-01 05:17:45,67.8006,130.4114,-18.83,98,98,3.53
358,Sovetskiy,RU,2022-02-01 05:17:45,61.3614,63.5842,-1.71,97,98,2.51
359,Abu Samrah,SY,2022-02-01 05:17:46,35.3029,37.1841,42.15,81,8,4.52
360,Wanlaweyn,SO,2022-02-01 05:17:46,2.6185,44.8938,77.65,76,90,13.24
361,Honningsvag,NO,2022-02-01 05:17:46,70.9821,25.9704,24.33,68,0,17.27
362,Ahvaz,IR,2022-02-01 05:17:47,31.3203,48.6693,55.35,88,75,4.61
363,Olkhovka,RU,2022-02-01 05:17:47,53.2115,60.6069,14.16,93,75,8.7
364,Port Macquarie,AU,2022-02-01 05:17:47,-31.4333,152.9167,84.88,88,40,8.05
365,Nemuro,JP,2022-02-01 05:17:48,43.3236,145.575,28.83,62,83,15.99
366,Komsomolskiy,UZ,2022-02-01 05:17:38,40.4272,71.7189,36.32,75,35,2.3
367,Riberalta,BO,2022-02-01 05:18:48,-10.9833,-66.1,71.94,96,100,2.06
368,Topchanchi,IN,2022-02-01 05:18:49,23.9,86.2,71.31,34,16,6.64
369,Edson,CA,2022-02-01 05:18:49,53.5835,-116.4356,1.54,78,100,6.91
370,Saint Anthony,US,2022-02-01 05:18:49,45.0205,-93.218,33.73,77,0,7.0
371,Adrar,MR,2022-02-01 05:18:50,20.5022,-10.0711,68.61,13,99,11.59
372,Longyearbyen,SJ,2022-02-01 05:18:50,78.2186,15.6401,13.84,62,40,0.0
373,Nelspruit,ZA,2022-02-01 05:18:51,-25.4745,30.9703,68.85,94,62,4.61
374,Tautira,PF,2022-02-01 05:18:51,-17.7333,-149.15,82.42,77,30,20.74
375,Mango,US,2022-02-01 05:18:51,27.9797,-82.3065,55.31,89,0,4.61
376,Orlik,RU,2022-02-01 05:18:52,52.5178,99.825,-4.85,86,36,0.98
377,Fort Nelson,CA,2022-02-01 05:18:52,58.8053,-122.7002,-17.01,83,0,2.3
378,Doha,QA,2022-02-01 05:18:52,25.2867,51.5333,66.09,91,0,3.44
379,Oranjemund,NA,2022-02-01 05:18:53,-28.55,16.4333,65.5,92,14,6.46
380,Honiara,SB,2022-02-01 05:18:53,-9.4333,159.95,83.71,79,83,4.45
381,Bolotnoye,RU,2022-02-01 05:18:53,55.6717,84.3981,14.81,93,98,10.18
382,Iqaluit,CA,2022-02-01 05:18:54,63.7506,-68.5145,-29.31,73,20,4.61
383,Keelung,TW,2022-02-01 05:18:54,25.1283,121.7419,64.54,88,100,4.94
384,Kalmunai,LK,2022-02-01 05:18:54,7.4167,81.8167,81.79,64,11,9.6
385,Rawson,AR,2022-02-01 05:18:55,-43.3002,-65.1023,70.97,32,3,16.46
386,Vieques,PR,2022-02-01 05:18:55,18.425,-65.8329,74.62,88,40,4.61
387,Kieta,PG,2022-02-01 05:18:03,-6.2167,155.6333,84.58,69,100,8.46
388,Khandbari,NP,2022-02-01 05:18:56,27.3747,87.2039,48.72,86,98,0.67
389,Kpandu,GH,2022-02-01 05:18:56,6.9954,0.2931,72.37,33,100,1.9
390,Sorkjosen,NO,2022-02-01 05:18:57,69.8,20.9333,17.6,86,100,18.41
391,Shieli,KZ,2022-02-01 05:18:57,44.1667,66.75,29.73,63,4,4.36
392,Beloha,MG,2022-02-01 05:18:58,-25.1667,45.05,78.69,55,84,11.39
393,Yatou,CN,2022-02-01 05:18:58,37.15,122.3833,32.36,47,51,19.62
394,Storm Lake,US,2022-02-01 05:18:58,42.6411,-95.2097,41.22,52,0,16.11
395,Nuristan,AF,2022-02-01 05:18:59,35.3,70.8333,15.01,48,4,7.52
396,El Alto,PE,2022-02-01 05:18:59,-4.2714,-81.2147,71.42,75,100,5.84
397,Asau,RO,2022-02-01 05:17:51,46.4333,26.4,28.76,82,100,3.91
398,Zhigansk,RU,2022-02-01 05:19:00,66.7697,123.3711,-26.0,97,95,6.51
399,Saint-Georges,GD,2022-02-01 05:19:00,12.0564,-61.7485,78.48,83,40,5.75
400,Porto Santo,PT,2022-02-01 05:19:01,33.072,-16.3415,64.31,72,20,25.32
401,Zaozerne,UA,2022-02-01 05:19:01,45.1582,33.2787,42.94,65,100,12.66
402,Viedma,AR,2022-02-01 05:19:01,-40.8135,-62.9967,71.51,23,3,19.06
403,Hamilton,US,2022-02-01 05:19:02,39.1834,-84.5333,34.25,76,0,1.01
404,Carutapera,BR,2022-02-01 05:19:02,-1.195,-46.02,75.76,91,98,5.28
405,Cabinda,AO,2022-02-01 05:19:03,-5.55,12.2,77.27,91,99,5.28
406,Tomigusuku,JP,2022-02-01 05:19:03,26.185,127.675,68.13,53,20,12.66
407,Progreso,MX,2022-02-01 05:19:03,21.2833,-89.6667,68.11,77,16,14.94
408,Anloga,GH,2022-02-01 05:19:04,5.7947,0.8973,77.09,78,100,5.21
409,Provo,US,2022-02-01 05:19:04,40.2338,-111.6585,34.75,52,100,17.27
410,Srivardhan,IN,2022-02-01 05:19:05,18.0333,73.0167,80.71,29,1,3.85
411,Verkhnyaya Inta,RU,2022-02-01 05:19:05,65.9811,60.3094,-3.15,97,100,4.59
412,Piterka,RU,2022-02-01 05:19:05,50.6803,47.4454,31.53,93,100,13.71
413,Nhulunbuy,AU,2022-02-01 05:19:06,-12.2333,136.7667,90.21,62,40,19.57
414,Gat,IL,2022-02-01 05:18:04,31.61,34.7642,51.4,100,71,7.63
415,Gizo,SB,2022-02-01 05:20:06,-8.103,156.8419,82.87,75,100,5.19
416,Curico,CL,2022-02-01 05:20:07,-34.9833,-71.2333,64.51,52,0,5.75
417,Kirensk,RU,2022-02-01 05:20:07,57.7853,108.1119,4.24,88,100,3.69
418,Udachnyy,RU,2022-02-01 05:20:08,66.4167,112.4,-26.95,98,65,3.06
419,Lompoc,US,2022-02-01 05:20:08,34.6391,-120.4579,59.31,89,0,0.0
420,Kimbe,PG,2022-02-01 05:20:09,-5.5502,150.1429,82.06,81,100,4.07
421,Torbat-E Jam,IR,2022-02-01 05:20:09,35.244,60.6225,44.31,32,99,3.8
422,Vestmannaeyjar,IS,2022-02-01 05:20:09,63.4427,-20.2734,32.85,74,25,29.17
423,Taksimo,RU,2022-02-01 05:20:10,56.3444,114.8794,-6.65,88,92,0.74
424,Oskarshamn,SE,2022-02-01 05:20:10,57.2645,16.4484,26.8,74,99,3.49
425,Juegang,CN,2022-02-01 05:20:11,32.3174,121.1855,47.98,47,100,14.56
426,Ulcinj,ME,2022-02-01 05:20:11,41.9294,19.2244,42.71,93,100,16.24
427,Hofn,IS,2022-02-01 05:20:11,64.2539,-15.2082,26.49,65,40,33.08
428,College,US,2022-02-01 05:19:33,64.8569,-147.8028,-16.42,75,0,0.0
429,Puerto Escondido,MX,2022-02-01 05:20:12,15.85,-97.0667,76.03,79,0,7.25
430,Tuatapere,NZ,2022-02-01 05:20:12,-46.1333,167.6833,70.84,63,100,5.48
431,Amuntai,ID,2022-02-01 05:17:05,-2.4177,115.2494,94.23,44,92,3.44
432,Saskatoon,CA,2022-02-01 05:16:38,52.1168,-106.6345,0.16,84,20,11.99
433,Ostrovnoy,RU,2022-02-01 05:18:14,68.0531,39.5131,15.66,94,100,3.56
434,Hami,CN,2022-02-01 05:20:13,42.8,93.45,25.56,30,42,1.41
435,San Rafael,AR,2022-02-01 05:20:14,-34.6177,-68.3301,72.46,36,0,5.41
436,Znamensk,RU,2022-02-01 05:20:14,48.5842,45.7338,33.49,88,100,12.01
437,Tigil,RU,2022-02-01 05:20:15,57.8,158.6667,15.26,86,13,6.76
438,San Jeronimo,PE,2022-02-01 05:20:15,-11.9472,-75.2829,46.4,92,100,2.3
439,Copacabana,CO,2022-02-01 05:20:15,6.3463,-75.5089,62.73,97,78,2.51
440,Arantangi,IN,2022-02-01 05:20:16,10.1667,78.9833,82.22,59,7,7.27
441,Pangnirtung,CA,2022-02-01 05:20:16,66.1451,-65.7125,-29.94,95,97,4.18
442,Uniara,IN,2022-02-01 05:20:17,26.15,75.2167,72.1,43,0,6.35
443,Killybegs,IE,2022-02-01 05:20:17,54.6333,-8.45,50.45,92,100,24.7
444,Kotel,BG,2022-02-01 05:20:17,42.8833,26.45,38.14,81,100,5.86
445,Topchikha,RU,2022-02-01 05:20:18,52.8192,83.1185,14.58,92,65,6.26
446,Marrakesh,MA,2022-02-01 05:20:18,31.6315,-8.0083,50.07,66,70,4.61
447,Portland,US,2022-02-01 05:16:43,45.5234,-122.6762,40.86,91,75,1.99
448,Akyab,MM,2022-02-01 05:20:19,20.15,92.9,71.55,39,12,3.96
449,Beja,TN,2022-02-01 05:20:19,36.7256,9.1817,50.65,76,82,30.0
450,Baracoa,CU,2022-02-01 05:20:19,20.3467,-74.4958,72.25,81,100,12.75
451,Maragheh,IR,2022-02-01 05:20:20,37.3917,46.2398,25.07,68,75,4.61
452,Winnemucca,US,2022-02-01 05:20:20,40.973,-117.7357,29.1,46,0,10.36
453,Dingle,PH,2022-02-01 05:20:21,10.9995,122.6711,83.84,71,93,13.09
454,Mihai Bravu,RO,2022-02-01 05:20:21,44.1406,26.0628,33.94,60,100,6.26
455,Lavrentiya,RU,2022-02-01 05:20:21,65.5833,-171.0,-2.16,81,19,11.59
456,Mutata,CO,2022-02-01 05:20:22,7.2441,-76.4356,72.64,94,71,1.32
457,Suntar,RU,2022-02-01 05:20:22,62.1444,117.6319,-3.95,92,97,5.57
458,Poum,NC,2022-02-01 05:20:23,-20.2333,164.0167,80.85,75,26,17.43
459,Scorteni,RO,2022-02-01 05:20:23,45.1,25.85,29.57,60,100,3.89
460,Kostino,RU,2022-02-01 05:20:23,58.9097,53.2691,17.98,93,100,8.5
461,Tabou,CI,2022-02-01 05:21:24,4.423,-7.3528,76.14,89,36,4.32
462,Shimanovsk,RU,2022-02-01 05:21:24,52.0,127.7,5.81,70,5,8.3
463,Port-Gentil,GA,2022-02-01 05:21:25,-0.7193,8.7815,78.76,89,40,3.44
464,Ambon,ID,2022-02-01 05:21:25,-3.6954,128.1814,89.74,62,40,10.36
465,Izhma,RU,2022-02-01 05:21:25,65.0083,53.9113,-1.77,98,97,4.12
466,Olafsvik,IS,2022-02-01 05:19:33,64.8945,-23.7142,22.71,79,81,4.38
467,Boshnyakovo,RU,2022-02-01 05:21:26,49.6333,142.1667,10.24,89,100,13.29
468,Mitzic,GA,2022-02-01 05:21:26,0.7821,11.549,67.21,98,81,2.37
469,Fairview,US,2022-02-01 05:18:28,40.8126,-73.999,26.24,71,0,0.0
470,Tokur,RU,2022-02-01 05:21:27,53.1333,132.9,0.79,80,80,3.04
471,Mayo,US,2022-02-01 05:21:27,38.8876,-76.5119,30.54,77,0,7.0
472,Wetaskiwin,CA,2022-02-01 05:21:27,52.9668,-113.3687,-0.99,98,76,5.55
473,Visby,SE,2022-02-01 05:21:28,57.6409,18.296,28.62,69,75,9.22
474,Baruun-Urt,MN,2022-02-01 05:18:49,46.6806,113.2792,2.12,74,21,9.37
475,Nurota,UZ,2022-02-01 05:21:29,40.5614,65.6886,41.09,50,6,6.87
476,San Luis,AR,2022-02-01 05:21:29,-33.295,-66.3356,72.77,44,4,8.21
477,Canico,PT,2022-02-01 05:21:29,32.6333,-16.85,66.13,84,75,1.99
478,Acapulco,MX,2022-02-01 05:21:30,16.8634,-99.8901,78.62,69,20,5.75
479,Menemen,TR,2022-02-01 05:21:30,38.6075,27.0694,48.02,61,40,11.5
480,Maracaju,BR,2022-02-01 05:21:30,-21.6144,-55.1683,69.55,96,32,3.94
481,Villa Rica,US,2022-02-01 05:21:31,33.7321,-84.9191,43.34,64,34,2.82
482,Qasigiannguit,GL,2022-02-01 05:21:31,68.8193,-51.1922,7.05,96,96,7.2
483,Upernavik,GL,2022-02-01 05:21:31,72.7868,-56.1549,-23.37,99,95,6.08
484,Businga,CD,2022-02-01 05:21:32,3.3333,20.8833,65.21,40,81,2.04
485,Omsukchan,RU,2022-02-01 05:21:32,62.5333,155.8,-5.76,97,100,6.55
486,Souillac,MU,2022-02-01 05:21:32,-20.5167,57.5167,84.36,78,75,14.97
487,Ndele,CF,2022-02-01 05:21:33,8.4109,20.6473,63.28,25,58,4.92
488,Tazmalt,DZ,2022-02-01 05:21:33,36.3868,4.3989,48.04,85,55,4.59
489,Kindu,CD,2022-02-01 05:21:34,-2.95,25.95,68.09,94,100,2.37
490,Igunga,TZ,2022-02-01 05:21:34,-4.2833,33.8833,65.62,90,100,1.07
491,Banda Aceh,ID,2022-02-01 05:21:34,5.5577,95.3222,85.62,64,98,8.21
492,North Branch,US,2022-02-01 05:21:35,45.5113,-92.9802,31.98,83,90,16.55
493,Mahajanga,MG,2022-02-01 05:21:35,-15.7167,46.3167,82.42,78,20,6.91
494,Poltavka,RU,2022-02-01 05:21:35,54.3663,71.7632,20.43,96,96,9.04
495,Berea,US,2022-02-01 05:21:36,41.3662,-81.8543,26.29,73,75,8.05
496,Bedesa,ET,2022-02-01 05:21:36,8.9,40.7833,63.23,31,74,3.09
497,Liaoyang,CN,2022-02-01 05:21:36,41.2719,123.1731,21.52,32,2,9.42
498,New Amsterdam,GY,2022-02-01 05:21:37,6.25,-57.5167,74.23,89,94,4.61
499,Oliva,ES,2022-02-01 05:21:37,38.9197,-0.1194,55.35,53,1,3.0
500,Fairbanks,US,2022-02-01 05:20:37,64.8378,-147.7164,-16.4,75,0,0.0
501,Matara,LK,2022-02-01 05:21:38,5.9485,80.5353,85.46,60,15,5.79
502,Xacmaz,AZ,2022-02-01 05:21:38,41.4635,48.806,39.29,80,55,9.93
503,Cerknica,SI,2022-02-01 05:21:38,45.7931,14.3625,32.47,89,13,5.01
504,Coolum Beach,AU,2022-02-01 05:21:39,-26.5333,153.1,90.23,71,48,11.5
505,Waitati,NZ,2022-02-01 05:21:39,-45.75,170.5667,64.8,88,100,9.04
506,Maceio,BR,2022-02-01 05:21:40,-9.6658,-35.7353,76.44,88,0,2.3
507,Touros,BR,2022-02-01 05:19:25,-5.1989,-35.4608,76.1,75,68,10.94
508,Kirakira,SB,2022-02-01 05:22:40,-10.4544,161.9205,83.26,79,89,4.52
509,Muravlenko,RU,2022-02-01 05:22:41,63.7898,74.523,-4.99,100,92,7.7
510,Dodge City,US,2022-02-01 05:22:41,37.7528,-100.0171,50.25,54,0,5.01
511,Scarborough,GB,2022-02-01 05:22:04,54.2797,-0.4044,49.82,86,100,5.99
512,Scottsbluff,US,2022-02-01 05:22:42,41.8666,-103.6672,34.29,62,0,5.99
513,Leh,IN,2022-02-01 05:22:42,34.1667,77.5833,8.04,86,98,2.3
514,Puerto Colombia,CO,2022-02-01 05:22:42,10.9878,-74.9547,78.89,81,0,25.84
515,Stellenbosch,ZA,2022-02-01 05:22:43,-33.9346,18.8668,71.82,75,4,5.44
516,Djambala,CG,2022-02-01 05:22:43,-2.5447,14.7533,68.72,84,64,4.45
517,Maracaibo,VE,2022-02-01 05:22:44,10.6317,-71.6406,77.22,80,6,10.83
518,Okhotsk,RU,2022-02-01 05:22:44,59.3833,143.3,9.57,79,99,13.6
519,Soyo,AO,2022-02-01 05:22:44,-6.1349,12.3689,77.05,89,98,5.53
520,Banjar,ID,2022-02-01 05:22:45,-8.19,114.9675,89.46,70,39,5.88
521,Haines Junction,CA,2022-02-01 05:22:45,60.7522,-137.5108,-31.05,68,33,1.14
522,Lahat,ID,2022-02-01 05:22:45,-3.8,103.5333,86.74,63,92,4.32
523,Chas,IN,2022-02-01 05:22:46,23.6333,86.1667,72.32,33,41,5.68
524,Gaya,IN,2022-02-01 05:22:46,24.7833,85.0,64.31,72,2,0.0
525,Cap Malheureux,MU,2022-02-01 05:22:47,-19.9842,57.6142,84.47,66,99,14.0
526,Morro Bay,US,2022-02-01 05:22:41,35.3658,-120.8499,59.45,73,100,5.99
527,Port Augusta,AU,2022-02-01 05:22:47,-32.5,137.7667,79.7,47,100,22.73
528,Noyabrsk,RU,2022-02-01 05:22:47,63.1994,75.4507,-2.69,100,97,6.96
529,Kangaatsiaq,GL,2022-02-01 05:22:48,68.3065,-53.4641,7.41,87,100,3.44
530,Alta Floresta,BR,2022-02-01 05:22:48,-9.8756,-56.0861,70.09,98,100,1.57
531,Vyartsilya,RU,2022-02-01 05:22:48,62.1764,30.693,15.17,94,100,6.58
532,Opuwo,NA,2022-02-01 05:22:49,-18.0607,13.84,59.77,65,99,3.69
533,Dawlatabad,AF,2022-02-01 05:22:49,36.4141,64.9053,49.42,31,29,5.23
534,Iquitos,PE,2022-02-01 05:22:49,-3.7481,-73.2472,73.44,100,40,0.0
535,Pisco,PE,2022-02-01 05:22:50,-13.7,-76.2167,69.85,83,20,9.22
536,Asyut,EG,2022-02-01 05:22:50,27.181,31.1837,45.99,69,3,2.55
537,Ternate,ID,2022-02-01 05:22:51,0.8,127.4,83.89,67,98,3.78
538,Henties Bay,NA,2022-02-01 05:22:51,-22.116,14.2845,68.86,79,100,7.45
539,Tezu,IN,2022-02-01 05:19:16,27.9167,96.1667,59.4,76,100,2.28
540,Coos Bay,US,2022-02-01 05:22:36,43.3665,-124.2179,40.32,99,28,4.85
541,Voznesenye,RU,2022-02-01 05:22:52,61.0106,35.4781,16.32,96,100,6.71
542,Khani,GE,2022-02-01 05:22:52,41.9563,42.9566,31.57,85,100,4.12
543,Lubango,AO,2022-02-01 05:22:52,-14.9172,13.4925,58.12,52,100,2.51
544,Mogadishu,SO,2022-02-01 05:22:53,2.0371,45.3438,78.67,83,40,13.8
545,Gondanglegi,ID,2022-02-01 05:22:53,-7.7479,112.0132,84.83,73,100,4.47
546,Guerrero Negro,MX,2022-02-01 05:22:53,27.9769,-114.0611,60.01,77,12,11.05
547,Tandil,AR,2022-02-01 05:20:06,-37.3217,-59.1332,50.07,74,22,8.03
548,Banikoara,BJ,2022-02-01 05:22:54,11.2985,2.4386,66.11,13,58,7.49
549,Arzgir,RU,2022-02-01 05:22:54,45.3728,44.2206,35.49,94,100,6.44
550,Chokwe,MZ,2022-02-01 05:22:55,-24.5333,32.9833,76.15,81,0,3.29
551,Voh,NC,2022-02-01 05:22:55,-20.9667,164.7,84.65,65,82,9.64
552,Kijang,KR,2022-02-01 05:22:56,35.2442,129.2139,46.13,35,48,20.36
553,Morehead,US,2022-02-01 05:23:56,37.2711,-87.1764,39.99,68,64,7.16
554,Starosubkhangulovo,RU,2022-02-01 05:23:56,53.1031,57.4423,14.34,96,94,2.93
555,Vermillion,US,2022-02-01 05:23:57,42.7794,-96.9292,44.71,65,37,16.15
556,Kyra,RU,2022-02-01 05:23:57,49.5776,111.9753,5.99,64,88,4.92
557,Turhal,TR,2022-02-01 05:23:57,40.3875,36.0811,35.58,95,84,3.6
558,Dorsten,DE,2022-02-01 05:23:58,51.6667,6.9667,39.88,92,100,13.0
559,Mareeba,AU,2022-02-01 05:23:58,-17.0,145.4333,85.44,77,63,4.21
560,Sungairaya,ID,2022-02-01 05:23:59,0.7,108.9,87.46,60,95,5.19
561,Bud,US,2022-02-01 05:23:59,39.447,-86.1758,35.91,78,99,8.66
562,Belmonte,BR,2022-02-01 05:24:00,-15.8631,-38.8828,79.3,87,6,7.7
563,Mehamn,NO,2022-02-01 05:20:05,71.0357,27.8492,23.18,86,80,10.16
564,Port Keats,AU,2022-02-01 05:24:00,-14.25,129.55,83.97,78,61,22.24
565,Sao Jose Da Coroa Grande,BR,2022-02-01 05:24:01,-8.8978,-35.1478,77.86,83,48,7.27
566,Pak Chong,TH,2022-02-01 05:24:01,14.708,101.4161,91.2,39,31,3.31
567,Katherine,AU,2022-02-01 05:24:02,-14.4667,132.2667,86.32,62,82,23.02
568,Hobyo,SO,2022-02-01 05:24:02,5.3505,48.5268,79.52,76,63,17.52
569,Manavalakurichi,IN,2022-02-01 05:24:03,8.1333,77.3,86.09,58,3,5.97
570,Matay,EG,2022-02-01 05:19:31,28.419,30.7792,46.69,70,1,2.89
